video_id,video_path
gaze_away_1777883208,C:\Users\Tharun\Desktop\FRAUD DETECTION SYSTEM FOR THE ONLINE PROCTORED EXAMS\New_setup\videos_for_extraction\gaze_away\gaze_away_1777883208.mp4
gaze_away_1777883478,C:\Users\Tharun\Desktop\FRAUD DETECTION SYSTEM FOR THE ONLINE PROCTORED EXAMS\New_setup\videos_for_extraction\gaze_away\gaze_away_1777883478.mp4
gaze_away_1777883506,C:\Users\Tharun\Desktop\FRAUD DETECTION SYSTEM FOR THE ONLINE PROCTORED EXAMS\New_setup\videos_for_extraction\gaze_away\gaze_away_1777883506.mp4
gaze_away_1777883538,C:\Users\Tharun\Desktop\FRAUD DETECTION SYSTEM FOR THE ONLINE PROCTORED EXAMS\New_setup\videos_for_extraction\gaze_away\gaze_away_1777883538.mp4
gaze_away_1777883783,C:\Users\Tharun\Desktop\FRAUD DETECTION SYSTEM FOR THE ONLINE PROCTORED EXAMS\New_setup\videos_for_extraction\gaze_away\gaze_away_1777883783.mp4
gaze_away_1777883814,C:\Users\Tharun\Desktop\FRAUD DETECTION SYSTEM FOR THE ONLINE PROCTORED EXAMS\New_setup\videos_for_extraction\gaze_away\gaze_away_1777883814.mp4
gaze_away_1777883890,C:\Users\Tharun\Desktop\FRAUD DETECTION SYSTEM FOR THE ONLINE PROCTORED EXAMS\New_setup\videos_for_extraction\gaze_away\gaze_away_1777883890.mp4
gaze_away_1777893223,C:\Users\Tharun\Desktop\FRAUD DETECTION SYSTEM FOR THE ONLINE PROCTORED EXAMS\New_setup\videos_for_extraction\gaze_away\gaze_away_1777893223.mp4
gaze_away_1777893275,C:\Users\Tharun\Desktop\FRAUD DETECTION SYSTEM FOR THE ONLINE PROCTORED EXAMS\New_setup\videos_for_extraction\gaze_away\gaze_away_1777893275.mp4
gaze_away_1777893294,C:\Users\Tharun\Desktop\FRAUD DETECTION SYSTEM FOR THE ONLINE PROCTORED EXAMS\New_setup\videos_for_extraction\gaze_away\gaze_away_1777893294.mp4
gaze_away_1777893347,C:\Users\Tharun\Desktop\FRAUD DETECTION SYSTEM FOR THE ONLINE PROCTORED EXAMS\New_setup\videos_for_extraction\gaze_away\gaze_away_1777893347.mp4
head_pose_away_1777883955,C:\Users\Tharun\Desktop\FRAUD DETECTION SYSTEM FOR THE ONLINE PROCTORED EXAMS\New_setup\videos_for_extraction\head_pose_away\head_pose_away_1777883955.mp4
multiple_people_1777892029,C:\Users\Tharun\Desktop\FRAUD DETECTION SYSTEM FOR THE ONLINE PROCTORED EXAMS\New_setup\videos_for_extraction\multiple_people\multiple_people_1777892029.mp4
multiple_people_1777892064,C:\Users\Tharun\Desktop\FRAUD DETECTION SYSTEM FOR THE ONLINE PROCTORED EXAMS\New_setup\videos_for_extraction\multiple_people\multiple_people_1777892064.mp4
multiple_people_1777892076,C:\Users\Tharun\Desktop\FRAUD DETECTION SYSTEM FOR THE ONLINE PROCTORED EXAMS\New_setup\videos_for_extraction\multiple_people\multiple_people_1777892076.mp4
multiple_people_1777892084,C:\Users\Tharun\Desktop\FRAUD DETECTION SYSTEM FOR THE ONLINE PROCTORED EXAMS\New_setup\videos_for_extraction\multiple_people\multiple_people_1777892084.mp4
multiple_people_1777892096,C:\Users\Tharun\Desktop\FRAUD DETECTION SYSTEM FOR THE ONLINE PROCTORED EXAMS\New_setup\videos_for_extraction\multiple_people\multiple_people_1777892096.mp4
multiple_people_1777892098,C:\Users\Tharun\Desktop\FRAUD DETECTION SYSTEM FOR THE ONLINE PROCTORED EXAMS\New_setup\videos_for_extraction\multiple_people\multiple_people_1777892098.mp4
multiple_people_1777892126,C:\Users\Tharun\Desktop\FRAUD DETECTION SYSTEM FOR THE ONLINE PROCTORED EXAMS\New_setup\videos_for_extraction\multiple_people\multiple_people_1777892126.mp4
multiple_people_1777892136,C:\Users\Tharun\Desktop\FRAUD DETECTION SYSTEM FOR THE ONLINE PROCTORED EXAMS\New_setup\videos_for_extraction\multiple_people\multiple_people_1777892136.mp4
multiple_people_1777892146,C:\Users\Tharun\Desktop\FRAUD DETECTION SYSTEM FOR THE ONLINE PROCTORED EXAMS\New_setup\videos_for_extraction\multiple_people\multiple_people_1777892146.mp4
multiple_people_1777892153,C:\Users\Tharun\Desktop\FRAUD DETECTION SYSTEM FOR THE ONLINE PROCTORED EXAMS\New_setup\videos_for_extraction\multiple_people\multiple_people_1777892153.mp4
multiple_people_1777892168,C:\Users\Tharun\Desktop\FRAUD DETECTION SYSTEM FOR THE ONLINE PROCTORED EXAMS\New_setup\videos_for_extraction\multiple_people\multiple_people_1777892168.mp4
multiple_people_1777892920,C:\Users\Tharun\Desktop\FRAUD DETECTION SYSTEM FOR THE ONLINE PROCTORED EXAMS\New_setup\videos_for_extraction\multiple_people\multiple_people_1777892920.mp4
multiple_people_1777892957,C:\Users\Tharun\Desktop\FRAUD DETECTION SYSTEM FOR THE ONLINE PROCTORED EXAMS\New_setup\videos_for_extraction\multiple_people\multiple_people_1777892957.mp4
multiple_people_1777892964,C:\Users\Tharun\Desktop\FRAUD DETECTION SYSTEM FOR THE ONLINE PROCTORED EXAMS\New_setup\videos_for_extraction\multiple_people\multiple_people_1777892964.mp4
multiple_people_1777892966,C:\Users\Tharun\Desktop\FRAUD DETECTION SYSTEM FOR THE ONLINE PROCTORED EXAMS\New_setup\videos_for_extraction\multiple_people\multiple_people_1777892966.mp4
multiple_people_1777892970,C:\Users\Tharun\Desktop\FRAUD DETECTION SYSTEM FOR THE ONLINE PROCTORED EXAMS\New_setup\videos_for_extraction\multiple_people\multiple_people_1777892970.mp4
multiple_people_1777892979,C:\Users\Tharun\Desktop\FRAUD DETECTION SYSTEM FOR THE ONLINE PROCTORED EXAMS\New_setup\videos_for_extraction\multiple_people\multiple_people_1777892979.mp4
normal_1777882794,C:\Users\Tharun\Desktop\FRAUD DETECTION SYSTEM FOR THE ONLINE PROCTORED EXAMS\New_setup\videos_for_extraction\normal\normal_1777882794.mp4
normal_1777882878,C:\Users\Tharun\Desktop\FRAUD DETECTION SYSTEM FOR THE ONLINE PROCTORED EXAMS\New_setup\videos_for_extraction\normal\normal_1777882878.mp4
normal_1777882981,C:\Users\Tharun\Desktop\FRAUD DETECTION SYSTEM FOR THE ONLINE PROCTORED EXAMS\New_setup\videos_for_extraction\normal\normal_1777882981.mp4
normal_1777883014,C:\Users\Tharun\Desktop\FRAUD DETECTION SYSTEM FOR THE ONLINE PROCTORED EXAMS\New_setup\videos_for_extraction\normal\normal_1777883014.mp4
normal_1777883073,C:\Users\Tharun\Desktop\FRAUD DETECTION SYSTEM FOR THE ONLINE PROCTORED EXAMS\New_setup\videos_for_extraction\normal\normal_1777883073.mp4
normal_1777883101,C:\Users\Tharun\Desktop\FRAUD DETECTION SYSTEM FOR THE ONLINE PROCTORED EXAMS\New_setup\videos_for_extraction\normal\normal_1777883101.mp4
normal_1777883116,C:\Users\Tharun\Desktop\FRAUD DETECTION SYSTEM FOR THE ONLINE PROCTORED EXAMS\New_setup\videos_for_extraction\normal\normal_1777883116.mp4
normal_1777883131,C:\Users\Tharun\Desktop\FRAUD DETECTION SYSTEM FOR THE ONLINE PROCTORED EXAMS\New_setup\videos_for_extraction\normal\normal_1777883131.mp4
normal_1777883142,C:\Users\Tharun\Desktop\FRAUD DETECTION SYSTEM FOR THE ONLINE PROCTORED EXAMS\New_setup\videos_for_extraction\normal\normal_1777883142.mp4
normal_1777883156,C:\Users\Tharun\Desktop\FRAUD DETECTION SYSTEM FOR THE ONLINE PROCTORED EXAMS\New_setup\videos_for_extraction\normal\normal_1777883156.mp4
phone_1777891893,C:\Users\Tharun\Desktop\FRAUD DETECTION SYSTEM FOR THE ONLINE PROCTORED EXAMS\New_setup\videos_for_extraction\phone\phone_1777891893.mp4
phone_1777891914,C:\Users\Tharun\Desktop\FRAUD DETECTION SYSTEM FOR THE ONLINE PROCTORED EXAMS\New_setup\videos_for_extraction\phone\phone_1777891914.mp4
phone_1777891928,C:\Users\Tharun\Desktop\FRAUD DETECTION SYSTEM FOR THE ONLINE PROCTORED EXAMS\New_setup\videos_for_extraction\phone\phone_1777891928.mp4
phone_1777891943,C:\Users\Tharun\Desktop\FRAUD DETECTION SYSTEM FOR THE ONLINE PROCTORED EXAMS\New_setup\videos_for_extraction\phone\phone_1777891943.mp4
phone_1777891976,C:\Users\Tharun\Desktop\FRAUD DETECTION SYSTEM FOR THE ONLINE PROCTORED EXAMS\New_setup\videos_for_extraction\phone\phone_1777891976.mp4
